timestamp,config,prog_id,prog_name,duration_s,run_cnt,total_cycles,total_instructions,cycles_per_packet,instructions_per_packet,ipc,repetition
20260922_134543,b2,7526,,15,0,0,0,N/A,N/A,N/A,1
20260922_134546,b2,7526,,15,0,0,0,N/A,N/A,N/A,2
20260922_134548,b2,7526,,15,0,0,0,N/A,N/A,N/A,3
20260922_134550,b2,7526,,15,0,0,0,N/A,N/A,N/A,4
20260922_134552,b2,7526,,15,0,0,0,N/A,N/A,N/A,5
20260922_134745,b2,7744,firewall_compressed
0
828B,15,437756,974122813,529805227,,,,1
20260922_134803,b2,7744,firewall_compressed
0
828B,15,422156,970229339,510352602,,,,2
20260922_134820,b2,7744,firewall_compressed
0
828B,15,421930,942353070,509737280,,,,3
20260922_134838,b2,7744,firewall_compressed
0
828B,15,437697,969458643,529326972,,,,4
20260922_134855,b2,7744,firewall_compressed
0
828B,15,422864,943780681,511174352,,,,5
20260922_135345,b1,7811,chain_input
0
674B,15,437800,1035457940,554498202,2365.14,1266.56,0.5355,1
20260922_135403,b1,7811,chain_input
0
674B,15,434611,1029286155,549889534,2368.29,1265.25,0.5342,2
20260922_135420,b1,7811,chain_input
0
674B,15,422253,998416382,534185919,2364.50,1265.08,0.535,3
20260922_135437,b1,7811,chain_input
0
674B,15,434394,973771826,550878727,2241.68,1268.15,0.5657,4
20260922_135454,b1,7811,chain_input
0
674B,15,430101,1014994290,544000750,2359.90,1264.82,0.536,5
